# source_path	size	git_blob_sha	sha256	action	clean_path	reason
1 try/CMakeLists.mmnova.txt	1266	59212e0bea86a5a299d9f92e1bc7fef877542494	a2351123c81c68321c4dbaa380853f842ab1c7846c2403531ad91a081f05edf3	DELETE_UNPROVEN_ITERATION		fallback tables/float or analytic approximations; mixed exactness
1 try/README_PORT.md	8200	c3ab57e5226ee8d7232f596fbc68cf549f29b67f	52e1d1a0936d1be7dd7c45c940965028999a897a3ce853ea669cdd6165b9d58b	DELETE_UNPROVEN_ITERATION		fallback tables/float or analytic approximations; mixed exactness
1 try/Source/mmnova/MnMDescriptors.cpp	5073	350c34d2ac14279f7d7c5e133e1f38fa584e80d1	d232a9c4718fc5c74de8bd15a65f21a1d0922881669ec2ca0d257d19eac0c76c	DELETE_UNPROVEN_ITERATION		fallback tables/float or analytic approximations; mixed exactness
1 try/Source/mmnova/MnMDescriptors.h	1182	0fe692cdc3608c2908c2403c2123c6ff689b36f1	89b1e50b1b519d4d00a773783d75af347188db7f06e3b90021c7103b190d2319	DELETE_UNPROVEN_ITERATION		fallback tables/float or analytic approximations; mixed exactness
1 try/Source/mmnova/MnMEngine.cpp	4020	8b8acf1b27aa90d8b841c65bbf233394ebf2e5d9	f1a315730420be841c2066828e35a5a828aa903c63199e25a1de2389e1e2ddf0	DELETE_UNPROVEN_ITERATION		fallback tables/float or analytic approximations; mixed exactness
1 try/Source/mmnova/MnMEngine.h	3451	a4c5938d5777f861355586659f592f127c8de234	02716f2b3486826e80c7a9b33fa84b39a1f492a0828adb497d9f84514e316884	DELETE_UNPROVEN_ITERATION		fallback tables/float or analytic approximations; mixed exactness
1 try/Source/mmnova/MnMFixed.h	4211	19ddd62f1559118a4bf1482a1041f53b7dd40161	3acd09513e7adc189a314ae06b02a3a68a785e80e138b62979678571eb5cf15f	DELETE_UNPROVEN_ITERATION		fallback tables/float or analytic approximations; mixed exactness
1 try/Source/mmnova/MnMMachine.h	4876	d8b1b1d8bda3341a68d00e4662cba5b4ef42511d	12c82c74823f1ee6a1b114771d368e280dbb07d7b96f33816294352f7ec3bef6	DELETE_UNPROVEN_ITERATION		fallback tables/float or analytic approximations; mixed exactness
1 try/Source/mmnova/MnMMachineFactory.h	3108	55448bda29bc3360b972bd582a27a42ba7662ca4	0a79c6720b033a9e6d518b2701c3e0380cde3f0485c61fb13922c16e68e861fc	DELETE_UNPROVEN_ITERATION		fallback tables/float or analytic approximations; mixed exactness
1 try/Source/mmnova/MnMTables.cpp	4526	1fb68d86e810b92c5bbca45efa2afeae033ff793	512f65764bf867acc5de29b0ce25990e24e37acff615f621b4ac30ca2e06b48b	DELETE_UNPROVEN_ITERATION		fallback tables/float or analytic approximations; mixed exactness
1 try/Source/mmnova/MnMTables.h	2871	e834c04b09c3e7dc31fb62ed1aa2bdb978c8ee66	7edd7c3e569e12bb236054296b7851861f50029065ec986ecd50cad687d3a2d9	DELETE_UNPROVEN_ITERATION		fallback tables/float or analytic approximations; mixed exactness
1 try/Source/mmnova/MnMVoice.cpp	7923	d68e47b0d5e418a1cbf62984bf7bf3fd0d8a40dd	bd827143924f55de0acd53f9a31eb92330c1b2276df47514690a6580efcfb5e8	DELETE_UNPROVEN_ITERATION		fallback tables/float or analytic approximations; mixed exactness
1 try/Source/mmnova/MnMVoice.h	4550	4ac4ace9a1a948a4c3b21e5c6bd7bcd189610db6	fbd9ef174bc1d1b3f89f3e3060e5de83ebfd1a8a8c73906aa53155743c5665e9	DELETE_UNPROVEN_ITERATION		fallback tables/float or analytic approximations; mixed exactness
1 try/Source/mmnova/machines/MnMDpro.h	7494	8b149ca9f983557c31047dc4d008fcef7c6f607f	325672233bda4604751eae45d2c2ad4d681e36e5f4673eb8d95657c9ed8ba77e	DELETE_UNPROVEN_ITERATION		fallback tables/float or analytic approximations; mixed exactness
1 try/Source/mmnova/machines/MnMFm.h	8479	82d9aea1721715c461283d25aca6519bc3b8abf9	d58265696d5710c757179ea5337a4655f8890845addc0b3013c4e360e0dc3cb5	DELETE_UNPROVEN_ITERATION		fallback tables/float or analytic approximations; mixed exactness
1 try/Source/mmnova/machines/MnMFxChorus.h	5963	c4f0b7f920ef8fd9feca79e1ab015143ead3a6cd	ee001582b047903cbe0135d25133962743856b81dcf8f3b7994c9c5b42e870b2	DELETE_UNPROVEN_ITERATION		fallback tables/float or analytic approximations; mixed exactness
1 try/Source/mmnova/machines/MnMFxMisc.h	13763	8eaeb16a127643c4a99a143d9cab97c8d1005314	728a5b82027f446915407389673a5d26f207cfe0235714e389b5cb6f303f5de0	DELETE_UNPROVEN_ITERATION		fallback tables/float or analytic approximations; mixed exactness
1 try/Source/mmnova/machines/MnMGnd.h	3035	37e450a77d084f5ab6258b44dc701244dd91edbe	8e35296ab4a23ad1b60b0b77f5db5d818db7d45fbad6387f4a7eac12689b6766	DELETE_UNPROVEN_ITERATION		fallback tables/float or analytic approximations; mixed exactness
1 try/Source/mmnova/machines/MnMOsc.h	3360	edc8a2b33c77039a98cbadd998d29721100a9f4e	e76f18c3dea4a324fdd4073a1ec968125059b23db0f76187a39f5116716947aa	DELETE_UNPROVEN_ITERATION		fallback tables/float or analytic approximations; mixed exactness
1 try/Source/mmnova/machines/MnMSid.h	3888	7af2c4bfef6f9cb0313fc55678b7ccbb3d2030e5	7d1ccbb23d36aff0b962162979cf3d0419604c3417286ffdb63debadc51095b1	DELETE_UNPROVEN_ITERATION		fallback tables/float or analytic approximations; mixed exactness
1 try/Source/mmnova/machines/MnMSwave.h	7708	fb0cb6dbe36501e196555a89bc711cc0bab294c6	03e6c2a6454ed4dfe06b5a2f05bfdf9d9cde2f866af4cea6499dc8c51bd5a324	DELETE_UNPROVEN_ITERATION		fallback tables/float or analytic approximations; mixed exactness
1 try/Source/mmnova/machines/MnMVo6.h	3561	4ad5903820cffc1efe5ee6701232f71b793de2a3	e3fa2c492166ac43777695533248e1fb2714d60f9f668378c2b5b52e3d1d331b	DELETE_UNPROVEN_ITERATION		fallback tables/float or analytic approximations; mixed exactness
1 try/Source/mmnova/mmnova.cpp	406	e96328c9dd05dc0a39f1e8954b48bc1e7ddbccbe	8bf8ba3891e07cdd138755a321d9756846bf95d480b187ea95eae46a8a63bb56	DELETE_UNPROVEN_ITERATION		fallback tables/float or analytic approximations; mixed exactness
1 try/examples/PluginProcessor_snippet.cpp	2458	13818a85a0c2c7425f39c132e73881b514953678	9aef90622fb39eee96f713a74dac5b97405d863baa985e2a5d8d75f42068ad28	DELETE_UNPROVEN_ITERATION		fallback tables/float or analytic approximations; mixed exactness
1 try/tools/extract_tables_fixed.py	7426	00caf0364fb3a380ee29ab86d898b52a9fbeb25a	e6c5654e87cc0a14594f28c5b78e69c072287165febb7f9342980821cd812ac2	DELETE_UNPROVEN_ITERATION		fallback tables/float or analytic approximations; mixed exactness
1 try/tools/verify_chorus_region.py	2930	5f58c02e1736d87b97f9da96fe7a993b7090d2be	fb2c7190c1f76d5c0d09791b5b63e60f68bcc6b740fe3b093bc4079299e00bd0	DELETE_UNPROVEN_ITERATION		fallback tables/float or analytic approximations; mixed exactness
2 try filter dist env nice build with preview site есть из чего выбрать тип если не найти ориг/ASM_Patches/01_extract_tables_sram_alias_fix.py	1026	e8c3b5bd2a2edc9c13a878ef3cd3e6543d1636be	c80129bcb90891d05f86259f28bf3f1a8bd9038b3234c273c9dcc15c6ecff82d	DELETE_UNPROVEN_ITERATION		float blocks, unsupported claims, preview package
2 try filter dist env nice build with preview site есть из чего выбрать тип если не найти ориг/ASM_Patches/03_filter_dist_env_exact_listing.asm	1951	081613b217a27611861feaf71b3023705fbcebd2	5f04b0ad4d797f3e36ec0c55691c965659af809aa52dd76df675760a436daf9a	DELETE_UNPROVEN_ITERATION		float blocks, unsupported claims, preview package
2 try filter dist env nice build with preview site есть из чего выбрать тип если не найти ориг/README_1.6.0_INTEGRATION_RU.md	2683	680065121d065a1cd6cd2a4001c71998edd4bc7e	a92f34befb3a07c63f0025cd6911bfeb64a7578206643c4dc65c570170f68f9c	DELETE_UNPROVEN_ITERATION		float blocks, unsupported claims, preview package
2 try filter dist env nice build with preview site есть из чего выбрать тип если не найти ориг/Source/DSP/Core/Dsp56300Core.h	1647	a704ad740149e34ab4136f8a678118c1b3988b58	829a6fd852e9c64d789e547d9245123d0682ee3efa307926a716b126fa76e1a1	DELETE_UNPROVEN_ITERATION		float blocks, unsupported claims, preview package
2 try filter dist env nice build with preview site есть из чего выбрать тип если не найти ориг/Source/DSP/Core/MmNovaTables_Fixed.h	1418	3191de8bb15557a15551f928402fb49733baf938	9db97da4c88bf941ca48e00c3d69fd4bd544ede547cfb093b9a52719f57aad3d	DELETE_UNPROVEN_ITERATION		float blocks, unsupported claims, preview package
2 try filter dist env nice build with preview site есть из чего выбрать тип если не найти ориг/Source/DSP/FX/FXChorusBlock.h	3424	5f98a2b1c5c7b11d6721200d2d7d8e5e968f377a	7bf1ca39d772f7abdab0d07c081c54bc036a38a83a322d5b9f404af706c9e412	DELETE_UNPROVEN_ITERATION		float blocks, unsupported claims, preview package
2 try filter dist env nice build with preview site есть из чего выбрать тип если не найти ориг/Source/DSP/Kernel/AmpEnvelopeBlock.h	3683	bb78e4ab3cd102fb17b450cfdc78612a538a9766	1b43007061e63b11ee0c5f1c01a9d1e3e798862bc1a025b031e5a792eb495967	DELETE_UNPROVEN_ITERATION		float blocks, unsupported claims, preview package
2 try filter dist env nice build with preview site есть из чего выбрать тип если не найти ориг/Source/DSP/Kernel/DistortionSaturationBlock.h	2059	0e25b64419058831b2500ead03efa334f6f62632	86a3846dbb3403a2a7e5370f044883756cdb1fdfe853d5af6ed7e6df7759a6ae	DELETE_UNPROVEN_ITERATION		float blocks, unsupported claims, preview package
2 try filter dist env nice build with preview site есть из чего выбрать тип если не найти ориг/Source/DSP/Kernel/KernelVoiceChainBlock.h	1580	a8a0d8055d4aa185702ffa9484654f5ef46bf091	dd53542251506a52433c3c40efc15780a45c638119c111f9f6a6a4bddc469fd0	DELETE_UNPROVEN_ITERATION		float blocks, unsupported claims, preview package
2 try filter dist env nice build with preview site есть из чего выбрать тип если не найти ориг/Source/DSP/Kernel/MultiModeFilterBlock.h	3124	e1adfea86a5c56a0a6e04bf2253cdbe7eef76a00	32a8e9696b63b097450064a6b7ce3d903eb9b983041503d7688f767b1db4dd60	DELETE_UNPROVEN_ITERATION		float blocks, unsupported claims, preview package
2 try filter dist env nice build with preview site есть из чего выбрать тип если не найти ориг/Source/DSP/Machines/DproBboxBlock.h	2089	994b36b4acd5c82f0eb7916538e7a03338b8d0d7	ed5df634639a82c4b9a2e9337da231dc5d9441e0f1c93fdc6c69ddc52dfe5ddc	DELETE_UNPROVEN_ITERATION		float blocks, unsupported claims, preview package
2 try filter dist env nice build with preview site есть из чего выбрать тип если не найти ориг/Source/DSP/Machines/FMPlusBlocks.h	2866	65ace6f3e7f40ed87de7e5b39ba6ff05cb7159fa	824db3093d4b98647aa9b353ea57e79c00d3e2d5607d0cc5a098dac7274c1137	DELETE_UNPROVEN_ITERATION		float blocks, unsupported claims, preview package
2 try filter dist env nice build with preview site есть из чего выбрать тип если не найти ориг/Source/DSP/Machines/GndAndSidBlocks.h	795	5b5b22be8ecb9462620a8063136cebbaa1d773d9	c298f2af2f4913022e1f20674ec4e0840f9727f38312ac0c9508e402a1b86906	DELETE_UNPROVEN_ITERATION		float blocks, unsupported claims, preview package
2 try filter dist env nice build with preview site есть из чего выбрать тип если не найти ориг/Source/DSP/Machines/SwaveBlocks.h	2022	78b4b780c02627d1f52821093ed8d3ab4ee5cd55	33eeaea74437741a2d7434631a4be4103cedcf03531ff2c9726da5b813de1e62	DELETE_UNPROVEN_ITERATION		float blocks, unsupported claims, preview package
2 try filter dist env nice build with preview site есть из чего выбрать тип если не найти ориг/index.html	77634	983c0767616203f8334554fc9ab58bc0493f4d0e	b0cfc3280619b1a3caace4044f942c4c824db04230dc3891964ec83218b51943	DELETE_UI_ARTIFACT		generated preview/presentation, not DSP source or proof
3 mnmdsp_reference more version/README_RU.md	4735	f2447078c9fbc3c321b9e4f2352be4fb1dec7b20	50283465ac19a876c39a9510a94659a11a3f92c2524b674fe2f55cbce295300c	DELETE_MIXED_OR_DUPLICATE		BBOX explicitly approximate; common files duplicate emulation set
3 mnmdsp_reference more version/data/bbox_drum_bank.bin	187068	c4fdcfbc89494ecc88e4077f8d213742268c109e	1408c266b828d09c7709eed47e02b40ffaad482d447c967a20411f16f663f454	DELETE_MIXED_OR_DUPLICATE		BBOX explicitly approximate; common files duplicate emulation set
3 mnmdsp_reference more version/data/bbox_models_fragment.h	728	e753d3e296862ff10e16cbede760083adf1652e2	5a23e3ced6d7b7c2884d91e2c0a6f5e9f719205bb23e113b0d16b20a562a1e20	DELETE_MIXED_OR_DUPLICATE		BBOX explicitly approximate; common files duplicate emulation set
3 mnmdsp_reference more version/data/bbox_wav/model_00.wav	129	9a9dd53688d5299e99167b2afb6d7afffb1a4bb6	929ffcf23137aca8cd3e13ac977fa7814a553c167d312df6e68dc45d396d07b4	DELETE_MIXED_OR_DUPLICATE		BBOX explicitly approximate; common files duplicate emulation set
3 mnmdsp_reference more version/data/bbox_wav/model_01.wav	129	914ff464a92f1dd94fba99e1f69dff78b1fd75a2	36b3894a13d3ea1a761fa008079d4aeab3fa6781347c79e5710c0262a84a025c	DELETE_MIXED_OR_DUPLICATE		BBOX explicitly approximate; common files duplicate emulation set
3 mnmdsp_reference more version/data/bbox_wav/model_02.wav	129	7ce36b8c77e8eb08a43832f74895f5a2b58ef50a	dcb1288fa3ccace41b76350111314eb72c3e858860b7ec4264f867d5f2888e9d	DELETE_MIXED_OR_DUPLICATE		BBOX explicitly approximate; common files duplicate emulation set
3 mnmdsp_reference more version/data/bbox_wav/model_03.wav	129	e50d78afbbc4507492e0ef9a3776a6ad6bad187c	7d0c19fc1ef602902f292811246c2e4913981111eeb6042e54828ff42c5dc736	DELETE_MIXED_OR_DUPLICATE		BBOX explicitly approximate; common files duplicate emulation set
3 mnmdsp_reference more version/data/bbox_wav/model_04.wav	129	66670eb36fac7ec41e4b2a336a4bbf2d6abc8880	aa86f066e9d91ed9aed787f168c152546cd9ea2f53987881126ae2fcd7908354	DELETE_MIXED_OR_DUPLICATE		BBOX explicitly approximate; common files duplicate emulation set
3 mnmdsp_reference more version/data/bbox_wav/model_05.wav	130	856ae69562c13d82701b0b92616be54becabf61a	8e83d352e1ee502f27a065e41485ad462362545b60464715da80cb8edc32d256	DELETE_MIXED_OR_DUPLICATE		BBOX explicitly approximate; common files duplicate emulation set
3 mnmdsp_reference more version/data/bbox_wav/model_06.wav	129	6411366f4cda05788ae5d25393b19cdf32cb732b	a83ea32bd7e22a669c42f2229989a3eb53ccd19aa3cacd69213960da76ec2a13	DELETE_MIXED_OR_DUPLICATE		BBOX explicitly approximate; common files duplicate emulation set
3 mnmdsp_reference more version/data/bbox_wav/model_07.wav	129	12f24144459824138621e4c0e594cd76916b9ba2	f0ac0991fd26990e5b2cac0d15e3f708b68651e75ddb79e6dbc23d2c489785af	DELETE_MIXED_OR_DUPLICATE		BBOX explicitly approximate; common files duplicate emulation set
3 mnmdsp_reference more version/data/bbox_wav/model_08.wav	130	3144b540728c157c1afa82c465e3a1924453075e	bfd1fb37d4753f59dfe1b01d7e6316f98a216cdb0bf53c70dc12dd3ec3aa0526	DELETE_MIXED_OR_DUPLICATE		BBOX explicitly approximate; common files duplicate emulation set
3 mnmdsp_reference more version/data/bbox_wav/model_09.wav	129	4441bfdf5dfd6c5f3df2af3c3b4dcf9b848a6c94	7f2123956b5bf9c3e0eddfa70e65a722093392b6dfd0d2ea4c8bbf5551f87f94	DELETE_MIXED_OR_DUPLICATE		BBOX explicitly approximate; common files duplicate emulation set
3 mnmdsp_reference more version/data/bbox_wav/model_10.wav	129	784bd49e0545c20cb6a8ab6c65882a4e4deb52b6	b07588b131e2879d2bb74fdebed9231a48513038445d7bceca350e5dbd91628e	DELETE_MIXED_OR_DUPLICATE		BBOX explicitly approximate; common files duplicate emulation set
3 mnmdsp_reference more version/data/bbox_wav/model_11.wav	129	338c10c23b421e8f92fea27ae2fc688779cb4133	a83c83f777d9def05b9a5231bd1c18b4f0e9af0e8ab9054ce110ea946087766d	DELETE_MIXED_OR_DUPLICATE		BBOX explicitly approximate; common files duplicate emulation set
3 mnmdsp_reference more version/data/pitch_wavetable_2048.bin	6144	049ff9db7adac36c6048aadd0ac6f4c52d8e734e	2c5a1ff66290187d040b9897b037ddda349dd04da0440c6f398b48167231e9b2	DELETE_MIXED_OR_DUPLICATE		BBOX explicitly approximate; common files duplicate emulation set
3 mnmdsp_reference more version/docs/BBOX_RU.md	6549	fc29b78823fea4cbcfad49303df8351e554376f8	de1aebffa7e4ba74b2d104ed386ddde8698bb85b1f623a94959ad0f813fad22a	DELETE_MIXED_OR_DUPLICATE		BBOX explicitly approximate; common files duplicate emulation set
3 mnmdsp_reference more version/docs/ROUTING_RU.md	6316	586810a165a58ab06d4334dead8523018be9f69d	cd908f3f490c42cca9f83f3495255aa3fd9fbf7c7c760fcddd8b1c0ab80ae778	DELETE_MIXED_OR_DUPLICATE		BBOX explicitly approximate; common files duplicate emulation set
3 mnmdsp_reference more version/dsp/MnmFixed.h	3302	a7d571122728152f125dda2d19f10589c4e5fc2c	cc857494b79941712da499d5ea4aba9fc0704a20f0cc6a7f72f3810e5343dc5f	DELETE_MIXED_OR_DUPLICATE		BBOX explicitly approximate; common files duplicate emulation set
3 mnmdsp_reference more version/dsp/MnmParams.h	4457	a922c8c74fec4f367b94c4029134ca5176500008	2d2cb1a7fc227ff0d7397773cc471ceeab895786458686f5a3e6e59b0e5b8a65	EXTRACTED_EXACT_METADATA	metadata/MnmParams_VERIFIED.h	exact raw data/header or narrowed proof subset
3 mnmdsp_reference more version/dsp/MnmRouting.h	8025	add33d5e2a99c7ed66bd4a124bcb6c84aae574a4	daf413d05e8055661a7ed598317e34c725feb4b5002a0d20f060474c6fd5481e	DELETE_MIXED_OR_DUPLICATE		BBOX explicitly approximate; common files duplicate emulation set
3 mnmdsp_reference more version/dsp/machines/ChorusCore.cpp	25314	2581f9c80104e14229f3605b8d360241664a9e11	0cbfd6872be7f6aa5de2a66c112204f995ada5b77b6090618566fbdab95850e5	DELETE_MIXED_OR_DUPLICATE		BBOX explicitly approximate; common files duplicate emulation set
3 mnmdsp_reference more version/dsp/machines/ChorusCore.h	3640	86c7c5156c50168574bb24bd9f3d77d3ab488989	3e33c2b1039d1fc609e4091957a805124f9401956789f073e80f82dee899b2a2	DELETE_MIXED_OR_DUPLICATE		BBOX explicitly approximate; common files duplicate emulation set
3 mnmdsp_reference more version/dsp/machines/ChorusTables.h	44328	0e720229949de492fa26b854b0842f88792a9615	90b207d6506b0b2b65403af5ba2a73b54400091c29d55db3f3d8cae3e5b79e9a	DELETE_MIXED_OR_DUPLICATE		BBOX explicitly approximate; common files duplicate emulation set
3 mnmdsp_reference more version/dsp/machines/MnmBBox.h	12336	322cc8450c971b3152f19063770795e6ddd255b2	bb0892d2b4c1f505bdb474720ebc5c41447bbf563ac27f5fc630d07df50f9cf0	DELETE_MIXED_OR_DUPLICATE		BBOX explicitly approximate; common files duplicate emulation set
4 mmnova-honest  fav/PORT_PLAN.md	2519	af0524615a5ef56be773c5d49de6cf1694947edb	55d4acbebfa7a07350f6f62c7d51e6ad838801f6675d73680214f56a24300477	DELETE_MIXED_OR_APPROX		README honest but code is not instruction-exact; mixed roadmap/tool
4 mmnova-honest  fav/README_ЧЕСТНО.md	2044	3e631ffd73ed66674bd3c0988dc65ab44110c788	21fde34832452dda24501f19749957e34045ef16df965ef083b8e8f2a4ca1a48	DELETE_MIXED_OR_APPROX		README honest but code is not instruction-exact; mixed roadmap/tool
4 mmnova-honest  fav/Source/mmnova/MnMChorus.h	5985	f3c584bc839264584b50ea34b3c7c8d4c02b59ff	afc15d9a5210ea0185f36de3830b2d6bfbde1dbe7738d219be9d1c02d977f501	DELETE_MIXED_OR_APPROX		README honest but code is not instruction-exact; mixed roadmap/tool
4 mmnova-honest  fav/Source/mmnova/MnMFixed.h	2582	e2f118ec578a16b968440608adcd24245f0b1ba9	a4370b44b3789e2c9f3c9335991004fbdd3999a7c09141b5101c516a98ad006f	DELETE_MIXED_OR_APPROX		README honest but code is not instruction-exact; mixed roadmap/tool
4 mmnova-honest  fav/Source/mmnova/MnMGndSin.h	2962	d73c21e07c66cd70c3eda2a1efc0bbdd12d18a50	495f9c65f4685ee40da9331f521a78205770b85549f353391f13f85acf0723fe	DELETE_MIXED_OR_APPROX		README honest but code is not instruction-exact; mixed roadmap/tool
4 mmnova-honest  fav/Source/mmnova/MnMTablesA.h	4775	b523d0fbe9fcc8e2ddb85396c7d3749fcd8bbd8e	f7145263010cee546d23e3b6e9793bb31cd413eed059af19920e09c1db7779fb	EXTRACTED_EXACT_TABLE_HEADER	data/MnmVerifiedFixedTables.h	exact raw data/header or narrowed proof subset
4 mmnova-honest  fav/tools/mmnova_slice.py	9502	96b85e9b3895f49e2a6153ece7c01ca6137dd3d2	6a186b993934e9fcc28290d2edd2b372dc9acadd5c571c36679d4004b8968c89	DELETE_MIXED_OR_APPROX		README honest but code is not instruction-exact; mixed roadmap/tool
5 mnm-dist-filter/FILTER_DIST_FACTS.md	6099	f01fae0f95f2dfadc337af292ecc295beff2b76d	62d7814dc08c74886500affa6a003fe3848a4d879fcc8e44e3a5b4b1efe6395b	DELETE_MIXED_A_B_C		facts mixed with B/C and unresolved filter mapping
5 mnm-dist-filter/NEXT_STEPS.txt	3729	d97431c7287b6c49422a5d119788bc01336cedcd	42d7228c11aea1c4078de3b79a281bbda6044bdb0e19e56cfd24b534f5219fb2	DELETE_MIXED_A_B_C		facts mixed with B/C and unresolved filter mapping
5 mnm-dist-filter/Source/mmnova/MnMAmpDist.h	6147	039522e7329445b2b26f810e5cd76ab24dc15c52	685dc0a0422083c65b408d111eaf897f2371082f354af4aac95fd153dc82c6c0	DELETE_MIXED_A_B_C		facts mixed with B/C and unresolved filter mapping
5 mnm-dist-filter/Source/mmnova/MnMFilter24.h	5468	63ca5fa3359f6895ecded9986d5a08548a16ce52	10b931acbe3af64deea89377ac7eace3e1f8aca663f74a0efc6532a6beb24c70	DELETE_MIXED_A_B_C		facts mixed with B/C and unresolved filter mapping
5 mnm-dist-filter/Source/mmnova/MnMFixed.h	1461	ea7e95f273a9347a61d1af9062004195d0a469c6	66d9c069d13d9fe6eb606e3f8ffb7ee67c8c62f264fa5c240fa16d8c1715ac6b	DELETE_MIXED_A_B_C		facts mixed with B/C and unresolved filter mapping
5 mnm-dist-filter/index.html	67977	9a156f7d0e9c4a8bbf95d032edf4f74b51df4d71	9d8c48e42d52508e4f2ff5709277817a3e42424ec849cefb7d81ef72b196da45	DELETE_UI_ARTIFACT		generated preview/presentation, not DSP source or proof
gpt 6 astra cheker na oriig.html	124514	abb7c254fedbabf5f0dab5b5ee1e669f4184dce4	cc88c3f42faba3ed5922b21474027ccdb76ff70a7ad84ba6abab502ab8b3fb14	DELETE_UI_ARTIFACT		generated preview/presentation, not DSP source or proof
mmnova-filter-official fav from manual и косвенно все вырисовывает его/MnMFilter24_Official.h	5189	038e0fbe0bc4f91df357d9295f21e7e8cde5ccf1	8b67b96bac653884e82f74df59c17f107914b913c82355e4ed104c0bf604d2e7	DELETE_INDIRECT_CLAIM		manual/indirect reconstruction, not direct proof
mmnova-filter-official fav from manual и косвенно все вырисовывает его/index.html	16557	42cfe1891e83e7205c76730b02931e72955c3777	1337bd91de95cfdf63966ffae93bd1d19035a82662f89ea64f13a860199c4c27	DELETE_UI_ARTIFACT		generated preview/presentation, not DSP source or proof
mnm-filter-q/FILTER_Q_FINDINGS.md	4939	796455a1c883eab9f3eca121eec7bd3cec6e4009	8ea02ed78e1322e9d8f11436198df45bca5677670a5074cdde6d69b323e78587	DELETE_OPEN_QUESTIONS		explicit B/C hypotheses and measurement plan
mnm-filter-q/PLAN_MEASURE.md	3558	34fab26d4044c01ecb89a2ad3af00fb711bc123c	ec8eeaebe40fc2713bf5913ef6719e4e53aa23e87bd5554d0b0c7bece1522e97	DELETE_OPEN_QUESTIONS		explicit B/C hypotheses and measurement plan
mnm-filter-q/Source/mmnova/MnMFilter24.h	7306	f1010155258212e0d98b51b0548b7d4214c84dc1	31eb227c53f6c0dadc80b40874f9c262baeef96db49eed9ba61d47a65c6cd5d4	DELETE_OPEN_QUESTIONS		explicit B/C hypotheses and measurement plan
mnm-filter-q/Source/mmnova/MnMFilterMod.h	3779	df690f8505d2cf2db8d7deae678b1753b50bbebd	7ffdd890105b6917e94d35c4ede7a196547492a31e996a713dea90536b4e091e	DELETE_OPEN_QUESTIONS		explicit B/C hypotheses and measurement plan
mnm-filter-q/Source/mmnova/MnMFixed.h	1424	0b4d8dcb0c304498931871373fa841ddc72f1dfa	7c6ee06449c88e4e2e8cc10f58c8344e30618fbab19c34344cd915998808bf39	DELETE_OPEN_QUESTIONS		explicit B/C hypotheses and measurement plan
mnm-filter-q/Source/mmnova/MnMVoicePage.h	4412	d9b06c56523da4140184c3564813493258765e1f	fe868795efd76cbdf608fcf1b908bc9804b38eae5254bb18449ab44b47ee33f4	DELETE_OPEN_QUESTIONS		explicit B/C hypotheses and measurement plan
mnm-filter-q/Source/mmnova/index.html	49866	77748dad0ee0e1a447798b1e620203153e5c1685	c0f7f741fcbe55c013d1d01f75a05c5bbee16bb8d76a933f0edcdcfad824f08f	DELETE_UI_ARTIFACT		generated preview/presentation, not DSP source or proof
mnm-filter-q/VOICE_PAGE_MAP.md	7033	ef86825f219d9baa6dbe5d2b4e316189171a647e	59da70995d820f5f13d1834594f41567d7911fabcbac1dc5b6a0383f36fc2d3c	DELETE_OPEN_QUESTIONS		explicit B/C hypotheses and measurement plan
mnm-filter-q/index (2).html	75796	4e2fab9bd2a78f6f56ad75c97ea73ac334f5fb59	f185596107937e8b40207a67746c83f08f0f42eba3f0fe3b640f3a1891f9374a	DELETE_UI_ARTIFACT		generated preview/presentation, not DSP source or proof
mnm-filter-q/index.html	46531	45e116326b5b3bef08b722fc2a433220ff19f8fa	0c83d4fb30c24f9f807a04931f2ea8be76b30dd4fffed0fcfbec58b02283e919	DELETE_UI_ARTIFACT		generated preview/presentation, not DSP source or proof
mnm-routing-100/README_ROUTING_100_VERIFIED.md	2077	5844ae3c690fc4253ed8038bfd748a2ec65334c0	52b952733c89ae13bb0ac1e9bbd08a861251176ac00ff7e2f07511e939671822	DELETE_OVERCLAIM		full-chain/order claims exceed direct opcode proof; auditory/indirect evidence
mnm-routing-100/Source/mmnova/MnMVoiceChain_Canonical.h	9290	6632ebf97b0839f58226b27495c63f42afeef61a	7fb79c98db550554a7c0aaf18a156082cd7352d300af0f10a108913f8fde66cb	DELETE_OVERCLAIM		full-chain/order claims exceed direct opcode proof; auditory/indirect evidence
mnm-routing-exact/ROUTING_ДОКАЗАНО.md	2881	3e215bb95ce01dce6fe8c4bbf3ed76bba54aaeaa	d728c25e1545af925a9b1a732ff1a476e76d6b7d640da87ec7c8feccfd725970	EXTRACTED_PROOF_SUBSET	proof/ROUTING_BUFFER_EXACT.md	exact raw data/header or narrowed proof subset
mnm-routing-exact/Source/mmnova/MnmVoiceRouting.h	7058	aa4990bb718bfb8cca805dc0dd32d7cb62e94bf8	b73a4711184f899248fda2c74ead56ad4918311432c63018b92d41b117cbe9f9	DELETE_UNCLASSIFIED		not independently accepted under strict rule
mnm-routing-verified/NEXT_3_PATHS.md	3931	82c145cffad110f7d2be974bfcb0081b581aac4e	cbffa4b15e0c2d414aea606bbf5bbd95ca223700666fc24771f92bcf725b2a8f	DELETE_OVERCLAIM		full-chain/order claims exceed direct opcode proof; auditory/indirect evidence
mnm-routing-verified/ROUTING_CONFIRMED.md	6805	12c2db857e0c3163dab680d26bbab97ff27b1bc2	8e770722565cdd536c3ef124be5dcd701d006fe7e036b5e7443c41b5b0a925d9	DELETE_OVERCLAIM		full-chain/order claims exceed direct opcode proof; auditory/indirect evidence
mnm-routing-verified/Source/mmnova/MnmRouting_verified.h	7072	ec908e6aa9e4a80292e578072f93ce1d3ceea08b	629c79edb00843196677fcea22a3caf96b64823b63731e23bc31bb55609660fe	DELETE_OVERCLAIM		full-chain/order claims exceed direct opcode proof; auditory/indirect evidence
mnm-routing-verified/index.html	52872	403acefd7780e63f9c5c4412fbb764972859882b	3ed119213ffb6eb08470dfa5b8a0301dfa060f257fae656ad34d0b607dd93d11	DELETE_UI_ARTIFACT		generated preview/presentation, not DSP source or proof
mnm-routing-verified/tools/parse_descriptors.py	3428	9f5c38435320158b9696460a4347abe931b409a0	f8ad624f8b476d77109bc95cb5b3fca775d10d28b714bae2bfcd7a2473903ea1	DELETE_OVERCLAIM		full-chain/order claims exceed direct opcode proof; auditory/indirect evidence
mnmdsp_reference filter from emulation/README_RU.md	6886	8ff28702e816bff4fcd5b2826e8013467f196f29	0d5bf2690fdc731c9124f12efab1543fc51a53607ceb9258c7a874aac6c61677	DELETE_PARTIAL_OR_UNPROVEN		partial exact structure plus open mappings/runtime tables/intentional deviation
mnmdsp_reference filter from emulation/data/bbox_drum_bank.bin	187068	c4fdcfbc89494ecc88e4077f8d213742268c109e	1408c266b828d09c7709eed47e02b40ffaad482d447c967a20411f16f663f454	RETAIN_EXACT_DATA	data/bbox_drum_bank.bin	exact raw data/header or narrowed proof subset
mnmdsp_reference filter from emulation/data/bbox_models_fragment.h	728	e753d3e296862ff10e16cbede760083adf1652e2	5a23e3ced6d7b7c2884d91e2c0a6f5e9f719205bb23e113b0d16b20a562a1e20	DELETE_PARTIAL_OR_UNPROVEN		partial exact structure plus open mappings/runtime tables/intentional deviation
mnmdsp_reference filter from emulation/data/bbox_wav/model_00.wav	129	9a9dd53688d5299e99167b2afb6d7afffb1a4bb6	929ffcf23137aca8cd3e13ac977fa7814a553c167d312df6e68dc45d396d07b4	DELETE_PARTIAL_OR_UNPROVEN		partial exact structure plus open mappings/runtime tables/intentional deviation
mnmdsp_reference filter from emulation/data/bbox_wav/model_01.wav	129	914ff464a92f1dd94fba99e1f69dff78b1fd75a2	36b3894a13d3ea1a761fa008079d4aeab3fa6781347c79e5710c0262a84a025c	DELETE_PARTIAL_OR_UNPROVEN		partial exact structure plus open mappings/runtime tables/intentional deviation
mnmdsp_reference filter from emulation/data/bbox_wav/model_02.wav	129	7ce36b8c77e8eb08a43832f74895f5a2b58ef50a	dcb1288fa3ccace41b76350111314eb72c3e858860b7ec4264f867d5f2888e9d	DELETE_PARTIAL_OR_UNPROVEN		partial exact structure plus open mappings/runtime tables/intentional deviation
mnmdsp_reference filter from emulation/data/bbox_wav/model_03.wav	129	e50d78afbbc4507492e0ef9a3776a6ad6bad187c	7d0c19fc1ef602902f292811246c2e4913981111eeb6042e54828ff42c5dc736	DELETE_PARTIAL_OR_UNPROVEN		partial exact structure plus open mappings/runtime tables/intentional deviation
mnmdsp_reference filter from emulation/data/bbox_wav/model_04.wav	129	66670eb36fac7ec41e4b2a336a4bbf2d6abc8880	aa86f066e9d91ed9aed787f168c152546cd9ea2f53987881126ae2fcd7908354	DELETE_PARTIAL_OR_UNPROVEN		partial exact structure plus open mappings/runtime tables/intentional deviation
mnmdsp_reference filter from emulation/data/bbox_wav/model_05.wav	130	856ae69562c13d82701b0b92616be54becabf61a	8e83d352e1ee502f27a065e41485ad462362545b60464715da80cb8edc32d256	DELETE_PARTIAL_OR_UNPROVEN		partial exact structure plus open mappings/runtime tables/intentional deviation
mnmdsp_reference filter from emulation/data/bbox_wav/model_06.wav	129	6411366f4cda05788ae5d25393b19cdf32cb732b	a83ea32bd7e22a669c42f2229989a3eb53ccd19aa3cacd69213960da76ec2a13	DELETE_PARTIAL_OR_UNPROVEN		partial exact structure plus open mappings/runtime tables/intentional deviation
mnmdsp_reference filter from emulation/data/bbox_wav/model_07.wav	129	12f24144459824138621e4c0e594cd76916b9ba2	f0ac0991fd26990e5b2cac0d15e3f708b68651e75ddb79e6dbc23d2c489785af	DELETE_PARTIAL_OR_UNPROVEN		partial exact structure plus open mappings/runtime tables/intentional deviation
mnmdsp_reference filter from emulation/data/bbox_wav/model_08.wav	130	3144b540728c157c1afa82c465e3a1924453075e	bfd1fb37d4753f59dfe1b01d7e6316f98a216cdb0bf53c70dc12dd3ec3aa0526	DELETE_PARTIAL_OR_UNPROVEN		partial exact structure plus open mappings/runtime tables/intentional deviation
mnmdsp_reference filter from emulation/data/bbox_wav/model_09.wav	129	4441bfdf5dfd6c5f3df2af3c3b4dcf9b848a6c94	7f2123956b5bf9c3e0eddfa70e65a722093392b6dfd0d2ea4c8bbf5551f87f94	DELETE_PARTIAL_OR_UNPROVEN		partial exact structure plus open mappings/runtime tables/intentional deviation
mnmdsp_reference filter from emulation/data/bbox_wav/model_10.wav	129	784bd49e0545c20cb6a8ab6c65882a4e4deb52b6	b07588b131e2879d2bb74fdebed9231a48513038445d7bceca350e5dbd91628e	DELETE_PARTIAL_OR_UNPROVEN		partial exact structure plus open mappings/runtime tables/intentional deviation
mnmdsp_reference filter from emulation/data/bbox_wav/model_11.wav	129	338c10c23b421e8f92fea27ae2fc688779cb4133	a83c83f777d9def05b9a5231bd1c18b4f0e9af0e8ab9054ce110ea946087766d	DELETE_PARTIAL_OR_UNPROVEN		partial exact structure plus open mappings/runtime tables/intentional deviation
mnmdsp_reference filter from emulation/data/kernel/amp_decay_table.bin	384	0547c8910f42a95e34cbb208adc03bb1f7d35146	13a518a3879930f38bec68cbc50407b5d841664d811cde1528e3c9fbae3cb42b	RETAIN_EXACT_DATA	data/kernel/amp_decay_table.bin	exact raw data/header or narrowed proof subset
mnmdsp_reference filter from emulation/data/kernel/amp_decay_table.txt	5120	32e9f6aa8adef0463a66c7a481e6c969fa90f328	66c3f29ead445e1855bfe32b8b71b8bf68ecd09f4d952819c3d23f48872d4760	RETAIN_EXACT_DATA	data/kernel/amp_decay_table.txt	exact raw data/header or narrowed proof subset
mnmdsp_reference filter from emulation/data/kernel/amp_lfo_rate_table.bin	384	f8456f5f4430995a4c8022917e9d4163c086ecff	0537c715ab95b4700b88078761a72b3394b2a9c1961944e1e5c09ac16b6b98f3	RETAIN_EXACT_DATA	data/kernel/amp_lfo_rate_table.bin	exact raw data/header or narrowed proof subset
mnmdsp_reference filter from emulation/data/kernel/amp_lfo_rate_table.txt	5120	2f3d60d0240b0238e4f34ed033e3dfa583bf4858	9522538f95300e93059bf25ac8c758206555f75413d28481a5884bd8a3159aa3	RETAIN_EXACT_DATA	data/kernel/amp_lfo_rate_table.txt	exact raw data/header or narrowed proof subset
mnmdsp_reference filter from emulation/data/kernel/drive_curve.bin	387	0894d9879005dd2041ee02a5e84cd74632814cd9	27e4846c83b1dcac597ad3bfd3fcc863a31ed49f01ea02e30b3dc1a1ca0ed2a3	RETAIN_EXACT_DATA	data/kernel/drive_curve.bin	exact raw data/header or narrowed proof subset
mnmdsp_reference filter from emulation/data/kernel/drive_curve.txt	5160	f655e153a4e013e4bf027f730b407218b7e7b377	e58618540d2dcbe912aa723be082c96198d057985e45328c5dabbcfb207bd42f	RETAIN_EXACT_DATA	data/kernel/drive_curve.txt	exact raw data/header or narrowed proof subset
mnmdsp_reference filter from emulation/data/kernel/filt_cutoff_table.bin	384	3b1f3dfba28829617ba6f554e02ee9e42d971697	a7f2a9c476a7340846497785b4c388e4aa7d279be30b592c6c2274fddef1ae22	RETAIN_EXACT_DATA	data/kernel/filt_cutoff_table.bin	exact raw data/header or narrowed proof subset
mnmdsp_reference filter from emulation/data/kernel/filt_cutoff_table.txt	5120	7186ba0d30d9728b53d4ddbec68705f41fce5ea4	22988fd52c575e8309d6224f8b60caea55a06c2b38ac09cbc7609e1e44c7e115	RETAIN_EXACT_DATA	data/kernel/filt_cutoff_table.txt	exact raw data/header or narrowed proof subset
mnmdsp_reference filter from emulation/data/kernel/filt_cutoff_table2.bin	384	c991f0a848eb5edc6a9ee8979fba0873cac0c706	bdd88ebc48a7d680e22eaa25cc221a61684fa96ecf25d70a80ed772314ade217	RETAIN_EXACT_DATA	data/kernel/filt_cutoff_table2.bin	exact raw data/header or narrowed proof subset
mnmdsp_reference filter from emulation/data/kernel/filt_cutoff_table2.txt	5120	e01ee5fc96604de847946bef117a1b5cd18e630a	495e657fb31a97a6056a01304d53606cdd8dfbb378551024f4ff412e78a21f22	RETAIN_EXACT_DATA	data/kernel/filt_cutoff_table2.txt	exact raw data/header or narrowed proof subset
mnmdsp_reference filter from emulation/data/kernel/filter_coeff_a.bin	144	3b271b24cb3ebe0b2880b5f2ac2a8b64ff62c84c	8c442fd358190db3028b1d9b7d47532e7f81236a1ce92b5ed1c3fa98e099b73d	RETAIN_EXACT_DATA	data/kernel/filter_coeff_a.bin	exact raw data/header or narrowed proof subset
mnmdsp_reference filter from emulation/data/kernel/filter_coeff_a.txt	1920	b6b1bb96017a9e12a8b52f87d2093e136fcdbe2b	de5db5d012fa424cd78dfd88c892ed5cf1131e7e2e1f03d96079bc4cf8beac26	RETAIN_EXACT_DATA	data/kernel/filter_coeff_a.txt	exact raw data/header or narrowed proof subset
mnmdsp_reference filter from emulation/data/kernel/filter_coeff_b.bin	144	6edc6946f2013469e42839580f4e7a641f232aa5	2cd5a74ab6d492b0b9b103887f4fded27d1eb5a6a03d45afd3b8db4df83bd7bd	RETAIN_EXACT_DATA	data/kernel/filter_coeff_b.bin	exact raw data/header or narrowed proof subset
mnmdsp_reference filter from emulation/data/kernel/filter_coeff_b.txt	1920	f3c4e0c5d7c1d7464afa7c5d16676a9f45d82c8f	4a025f220b0729eafe68c6d33a93d87c73eaefd6d3567fd03b67e0a6b63ec87e	RETAIN_EXACT_DATA	data/kernel/filter_coeff_b.txt	exact raw data/header or narrowed proof subset
mnmdsp_reference filter from emulation/data/kernel/filter_coeff_c.bin	144	2f4127c8e486fce7631f1c2c11d2864a5e74f7e2	6696fe8c9a3d582f20499b68d665f39749e369a6114708732d507d4f76e9cde2	RETAIN_EXACT_DATA	data/kernel/filter_coeff_c.bin	exact raw data/header or narrowed proof subset
mnmdsp_reference filter from emulation/data/kernel/filter_coeff_c.txt	1920	eb86d66bc5baaa4ceb637dcea457c40aa4f4e0f5	dc3a06062c6b0481f4829b3ff8974d9349baa963072fb78a98191bd1297f50e1	RETAIN_EXACT_DATA	data/kernel/filter_coeff_c.txt	exact raw data/header or narrowed proof subset
mnmdsp_reference filter from emulation/data/kernel/fm_ratio_table.bin	72	f9df564e1f426f7bdfb0f91a58a94e7a76564a11	a5e03e83d062e87a5c50fc4f8faf2c9b3bd50b3ea02d957a425be51b21cbbb83	RETAIN_EXACT_DATA	data/kernel/fm_ratio_table.bin	exact raw data/header or narrowed proof subset
mnmdsp_reference filter from emulation/data/kernel/fm_ratio_table.txt	960	fbb44114137550cd5d73de933b26a86ba9e28f7b	e1c235cedc4fa394b1eae33d393ed6520e1bbfbb1c04eaefa0bb6418a651086b	RETAIN_EXACT_DATA	data/kernel/fm_ratio_table.txt	exact raw data/header or narrowed proof subset
mnmdsp_reference filter from emulation/data/kernel/kernel_curve.bin	771	14843ceb4369bb4dec168476ecc26a57d6f389f6	2f868a67929efb39b15bd865f14d9028a3816eef55b70bbdf8b4b00d205bb5c8	RETAIN_EXACT_DATA	data/kernel/kernel_curve.bin	exact raw data/header or narrowed proof subset
mnmdsp_reference filter from emulation/data/kernel/kernel_curve.txt	10280	bc1e8f13c749e9ed79773d046763b0b65acdfe01	3201d6a56192720c77f7d9df8703ef264b4a76d0fb1cdb7d1d6340c05653db3f	RETAIN_EXACT_DATA	data/kernel/kernel_curve.txt	exact raw data/header or narrowed proof subset
mnmdsp_reference filter from emulation/data/kernel/lfo_cycle_table.bin	384	fe7b27f9c71bfa1ea838069de7f57bd65640bbaf	2717ac39610f528e53ee434b8a72a12c173770696009300d060b4bc502793320	RETAIN_EXACT_DATA	data/kernel/lfo_cycle_table.bin	exact raw data/header or narrowed proof subset
mnmdsp_reference filter from emulation/data/kernel/lfo_cycle_table.txt	5120	f0f33f74279d85f90ff7337e46c5b76390d5eb8f	080f59a83f859bc2e17993a8e23342ed929144cb111543ee36a20231ded0ed68	RETAIN_EXACT_DATA	data/kernel/lfo_cycle_table.txt	exact raw data/header or narrowed proof subset
mnmdsp_reference filter from emulation/data/pitch_wavetable_2048.bin	6144	049ff9db7adac36c6048aadd0ac6f4c52d8e734e	2c5a1ff66290187d040b9897b037ddda349dd04da0440c6f398b48167231e9b2	RETAIN_EXACT_DATA_CAVEAT	data/pitch_wavetable_2048.bin	exact raw data/header or narrowed proof subset
mnmdsp_reference filter from emulation/docs/BBOX_RU.md	6549	fc29b78823fea4cbcfad49303df8351e554376f8	de1aebffa7e4ba74b2d104ed386ddde8698bb85b1f623a94959ad0f813fad22a	DELETE_PARTIAL_OR_UNPROVEN		partial exact structure plus open mappings/runtime tables/intentional deviation
mnmdsp_reference filter from emulation/docs/KERNEL_CHAIN_RU.md	8135	123b00df3a28d11b5d17f02b6a073e93750e159d	120247db4bbc573008a2eb5d6377b60216447681af80a83458fa051137b1409c	DELETE_PARTIAL_OR_UNPROVEN		partial exact structure plus open mappings/runtime tables/intentional deviation
mnmdsp_reference filter from emulation/docs/ROUTING_RU.md	6316	586810a165a58ab06d4334dead8523018be9f69d	cd908f3f490c42cca9f83f3495255aa3fd9fbf7c7c760fcddd8b1c0ab80ae778	DELETE_PARTIAL_OR_UNPROVEN		partial exact structure plus open mappings/runtime tables/intentional deviation
mnmdsp_reference filter from emulation/dsp/MnmAmp.h	12488	e66a9bd85130543637c3c181b809f6c5534d495e	1a6c6ad092dcffbe984689a57b434fdba5f73f6c541731c47a1c840e9e3b0f04	DELETE_PARTIAL_OR_UNPROVEN		partial exact structure plus open mappings/runtime tables/intentional deviation
mnmdsp_reference filter from emulation/dsp/MnmFilter.h	7376	4d0d3d74967639821020439b5dbb16d7d24b9b9d	da9467e0e968356a565dfb82cac1c5d8cb32ebcac8d65a316e51ba645f35d20d	DELETE_PARTIAL_OR_UNPROVEN		partial exact structure plus open mappings/runtime tables/intentional deviation
mnmdsp_reference filter from emulation/dsp/MnmFixed.h	3302	a7d571122728152f125dda2d19f10589c4e5fc2c	cc857494b79941712da499d5ea4aba9fc0704a20f0cc6a7f72f3810e5343dc5f	DELETE_PARTIAL_OR_UNPROVEN		partial exact structure plus open mappings/runtime tables/intentional deviation
mnmdsp_reference filter from emulation/dsp/MnmKernelTables.h	9649	cdaae47d678a83ce948d6779138c15bfd464a50a	3f2bec13c83223427ac4991ddf722906d17cac1db191257d2348578236ea4fd2	EXTRACTED_EXACT_TABLE_HEADER	data/MnmVerifiedKernelTables.h	exact raw data/header or narrowed proof subset
mnmdsp_reference filter from emulation/dsp/MnmParams.h	4457	a922c8c74fec4f367b94c4029134ca5176500008	2d2cb1a7fc227ff0d7397773cc471ceeab895786458686f5a3e6e59b0e5b8a65	DELETE_PARTIAL_OR_UNPROVEN		partial exact structure plus open mappings/runtime tables/intentional deviation
mnmdsp_reference filter from emulation/dsp/MnmRouting.h	8025	add33d5e2a99c7ed66bd4a124bcb6c84aae574a4	daf413d05e8055661a7ed598317e34c725feb4b5002a0d20f060474c6fd5481e	DELETE_PARTIAL_OR_UNPROVEN		partial exact structure plus open mappings/runtime tables/intentional deviation
mnmdsp_reference filter from emulation/dsp/machines/ChorusCore.cpp	25314	2581f9c80104e14229f3605b8d360241664a9e11	0cbfd6872be7f6aa5de2a66c112204f995ada5b77b6090618566fbdab95850e5	DELETE_PARTIAL_OR_UNPROVEN		partial exact structure plus open mappings/runtime tables/intentional deviation
mnmdsp_reference filter from emulation/dsp/machines/ChorusCore.h	3640	86c7c5156c50168574bb24bd9f3d77d3ab488989	3e33c2b1039d1fc609e4091957a805124f9401956789f073e80f82dee899b2a2	DELETE_PARTIAL_OR_UNPROVEN		partial exact structure plus open mappings/runtime tables/intentional deviation
mnmdsp_reference filter from emulation/dsp/machines/ChorusTables.h	44328	0e720229949de492fa26b854b0842f88792a9615	90b207d6506b0b2b65403af5ba2a73b54400091c29d55db3f3d8cae3e5b79e9a	DELETE_PARTIAL_OR_UNPROVEN		partial exact structure plus open mappings/runtime tables/intentional deviation
mnmdsp_reference filter from emulation/dsp/machines/MnmBBox.h	12336	322cc8450c971b3152f19063770795e6ddd255b2	bb0892d2b4c1f505bdb474720ebc5c41447bbf563ac27f5fc630d07df50f9cf0	DELETE_PARTIAL_OR_UNPROVEN		partial exact structure plus open mappings/runtime tables/intentional deviation
mnmdsp_reference filter from emulation/read.txt	626	e3558e32f84fa10cb7d1fd9932685f1708c92914	00c4630339155422b57c48ba9dbb03a8006dfb4a0d7b57c77dd98b73f4ee01b0	DELETE_PARTIAL_OR_UNPROVEN		partial exact structure plus open mappings/runtime tables/intentional deviation
mnmdsp_reference filter from emulation/rig/EMULATOR_PATCHES.md	1721	b8bb7959811874edac778acf2c2d497a4a5018dd	cd27bcb315cfe09f9a955a478279da192d97db4583e3cdf5c1b927a1537dbe34	DELETE_PARTIAL_OR_UNPROVEN		partial exact structure plus open mappings/runtime tables/intentional deviation
mnmdsp_reference filter from emulation/rig/build.sh	1473	dcc0a391c758bd1052aa5ff9ae2868fcf7998ed1	d148478b8554bc8040df2a410db735cdd562092200b18732242d5cbae7a1e0cc	DELETE_PARTIAL_OR_UNPROVEN		partial exact structure plus open mappings/runtime tables/intentional deviation
mnmdsp_reference filter from emulation/rig/cutoff_table_1700.h	18049	a52668e541b12d5f82eaa3723902d34308984dae	18fe137027d0fc4103ac1299bb5a404d04e97260fdbf8611f5db5fbe9ab6a8fa	DELETE_PARTIAL_OR_UNPROVEN		partial exact structure plus open mappings/runtime tables/intentional deviation
mnmdsp_reference filter from emulation/rig/rig.cpp	15047	a68831cb10e4cd20a07eea00cb44e9b15ba2a4d9	1227814ca68be0f4fc3e3677387e677580e32d40a4418ce3a2d92dccd09adc02	DELETE_PARTIAL_OR_UNPROVEN		partial exact structure plus open mappings/runtime tables/intentional deviation
mnmdsp_reference filter from emulation/rig/stub_jit.cpp	265	44fdc3b15812d1cd577797a1d261d65668e7d1ca	22e7f2d4933616dce4af79bbffbfb99302e04005ecf5c59f053393aa680ff578	DELETE_PARTIAL_OR_UNPROVEN		partial exact structure plus open mappings/runtime tables/intentional deviation
mnmdsp_reference filter from emulation/rig/t2.cpp	817	539d11edabe0903224529fb46e481a5fc7e6fd43	ff4e92d0b3fc7e61888f03917e207bdf1984f0814fd9b9a422790500286df1dd	DELETE_PARTIAL_OR_UNPROVEN		partial exact structure plus open mappings/runtime tables/intentional deviation
mnmdsp_reference filter from emulation/rig/test_blocks.cpp	2188	54648675ca67923d25f63f303b2d8331719b0a67	aabc58c55712fa1e56ea427cb56db550695e1f4c559520181c82b198a036c70c	DELETE_PARTIAL_OR_UNPROVEN		partial exact structure plus open mappings/runtime tables/intentional deviation
synth → dist → → srr → filt eq → env → dsndEQ после фильтра.txt	2130	028438d74f972a23977e4a854d2070adef693640	57820564cf1b5ff683a9f924ffa22e9a1772830b7c8d2457a44a879713b81d1f	DELETE_NOT_PROOF		working notes/questions, not verified output
как достать q фильтра.txt	1790	1a7ee6911a4e546c0ffcaf4bc8a66bbbe91a9758	586a6b4b61a38528d06583aee9e4bcc2c0556ed3604a4290e5ab1339ca30073c	DELETE_NOT_PROOF		working notes/questions, not verified output
